seqName,insertions,aaInsertions
OP958840,,
OP971186,,
OP523232,,
OX339384,,
OX345943,,
OP955488,,
OP971202,,
OP955486,,
OX245426,,
OP332458,,
OP334332,,
OP333110,,
OP339227,,
ON895103,,
ON895548,,
ON537316,,
ON544943,,
ON629031,,
ON627543,,
ON626380,22204:GAGCCAGAA,S:214:EPE
ON396327,,
ON627541,,
ON544567,,
ON084447,,
IMS-10182-CVDP-83F89C70-C702-461C-BD64-53FADC5A0601,11071:T,
OV940149 (XF),22204:GAGCCAGAA,S:214:EPE
OM990851 (XD),22204:GAGCCAGAA,S:214:EPE
OV950637 (XL),,
OW018845 (XE),,
OU219033 (XA),,
OK016320 (XB),,
IMS-10004-CVDP-E64B5426-4FB5-4D41-AFEC-77D84720E886,,
USA/WA-UW-2181/2020,,
CAN/ON-NML-249359/2021,22204:GAGCCAGAA,S:214:EPE
BEL/rega-20174/2021,22204:GAGCCAGAA,S:214:EPE
USA/MA-CDCBI-CRSP_URIKNCKBF5674VF4/2021,,
USA/MD-MDH-0082/2020,,
LR991190,,
USA/UNKNOWN-UW-1403/2020,29903:NAAANAAANA,
USA/UT-03435/2020,,
USA/TX-CDC-ASC210279141/2021,25926:TGTTAGGAAGACTTTAA,ORF3a:178:C*EDF
Switzerland/SO-ETHZ-531441/2020,,
Switzerland/BS-UHB-42535085/2021,,
Switzerland/BE-ETHZ-630376/2021,,
USA/AK-PHL8614/2021,,
USA/CO-CDPHE-2007261261/2020,,
USA/AK-PHL8565/2021,,
USA/CA-CDC-QDX22169637/2021,,
USA/CO-CDPHE-2003260110/2020,,
England/MILK-74F4E4/2020,,
Switzerland/ZH-ETHZ-450502/2021,,
England/MILK-516E26/2020,,
Iceland/3124/2020,,
England/QEUH-AD0825/2020,,
England/ALDP-1004959/2021,,
AUS/VIC7772/2020,,
AUS/VIC8093/2020,,
AUS/VIC10882/2020,,
USA/MA-MASPHL-01933/2021,,
USA/FL-CDC-QDX22678176/2021,,
USA/F57FCBBEAA9D4211B7F162FE6C1B1D7F/2021,,
OU205023,,
SYC/G38725/2021,,
USA/MA-CDCBI-CRSP_EFLUYAQE2ICW2C6E/2021,,
OU361297,,
Scotland/QEUH-14E640D/2021,,
USA/TG278209/2020,,
USA/AK-PHL9083/2021,28262:AACA,
OU221273,,
USA/NJ-PHEL-21-12068/2021,28262:AACA,
USA/MA-CDCBI-CRSP_NPPKJNMG7V6OAGRW/2021,28262:AACA,
USA/FL-CDC-LC0099490/2021,,
USA/AK-PHL10845/2021,,
IND/GBRC640a/2021,,
USA/IL-CDC-LC0060638/2021,,
IND/CWS_0018_47303313/2021,,
England/CAMC-13B81A4/2021,,
USA/WA-S5413/2021,,
USA/CA-CDC-QDX21613057/2021,,
USA/ID-CDC-ASC210011921/2021,,
OU149858,,
USA/VA-CDC-LC0067096/2021,,
USA/VA-CDC-LC0051792/2021,,
BHR/30005866/2021,,
USA/NJ-CDC-LC0084532/2021,,
England/CAMC-139B57E/2021,,
USA/NC-CDC-STM-000073018/2021,,
USA/CA-CDPH-3000131458/2021,,
USA/FL-CDC-LC0065484/2021,,
USA/NC-CDC-LC0050688/2021,,
OU517038,,
USA/MA-CDCBI-CRSP_6XNVDTWZVHP437HT/2021,,
USA/CA-CDC-FG-042304/2021,21991:ACT,S:143:T
USA/AZ-CDC-LC0166866/2021,21991:ACT,S:143:T
USA/KS-CDC-2-4449463/2021,21991:ACT,S:143:T
USA/FL-CDC-ASC210078123/2021,,
OU570677,,
USA/OKPHLCOV0000666/2021,,
USA/MA-CDCBI-CRSP_M2WXUWBLS72TQFUR/2021,,
USA/MA-CDCBI-CRSP_S637QBAELKOECBRG/2021,,
USA/NY-CDC-LC0344242/2021,,
USA/VA-CDC-ASC210374497/2021,,
USA/TX-CDC-ASC210376640/2021,,
USA/MN-CDC-LC0334883/2021,,
USA/DC-CDC-LC0331077/2021,,
Scotland/QEUH-27B5322/2021,,
OU150047,16:CTCGGGTGTG,
OU187687,13:GTGG;17:C,
OU149610,,
OU125106,,
USA/AR-CDC-ASC210377904/2021,,
USA/NJ-CDC-ASC210001462/2021,,
USA/FL-CDC-ASC210334485/2021,,
USA/MA-CDCBI-CRSP_MLUB7OEWDYUWSKGQ/2021,,
USA/CO-CDC-ASC210309969/2021,,
England/ALDP-20A77A6/2021,,
England/MILK-2759487/2021,,
USA/RI-CDCBI-CRSP_EVAFDCVZGQ4NYXIQ/2021,,
USA/CO-CDC-MMB10752210/2021,,
USA/MA-CDCBI-CRSP_6WUXOVDJ3B5G2RNQ/2021,,
USA/CA-CDC-FG-161774/2021,,
OU819939,,
